Produkt,Cena,Ilość,Koszt jednorazowy,Przychód,Koszt całkowity,Zysk,Log(Cena)
Monitor,880.0000000000001,300,400,264000.00000000006,120000,120000,6.684611727667927
Telefon,1650.0000000000002,50,1000,82500.00000000001,50000,25000,7.313220387090301
Tablet,2200.0,31,1200,68200.0,37200,24800,7.600902459542082
Laptop,3300.0000000000005,20,1000,66000.00000000001,20000,40000,8.006367567650246
